,vector_space_recall,vector_space_precision,vector_space_f1
count,6.0,6.0,6.0
mean,0.041666666666666664,0.008333333333333333,0.013888888888888888
std,0.037638632635454056,0.0075277265270908104,0.012546210878484683
min,0.0,0.0,0.0
25%,0.0125,0.0025,0.004166666666666667
50%,0.05,0.01,0.016666666666666666
75%,0.05,0.01,0.016666666666666666
max,0.1,0.02,0.03333333333333333
