,vector_space_recall,vector_space_precision,vector_space_f1
count,6.0,6.0,6.0
mean,0.03333333333333333,0.006666666666666667,0.011111111111111112
std,0.040824829046386304,0.008164965809277261,0.013608276348795434
min,0.0,0.0,0.0
25%,0.0,0.0,0.0
50%,0.025,0.005,0.008333333333333333
75%,0.05,0.01,0.016666666666666666
max,0.1,0.02,0.03333333333333333
